{
    "name": "Пикша",
    "uncounted_weight": 0,
    "uncounted_cost": -1,
    "counted_weight": 0.8,
    "counted_cost": 2.5749999999999997,
    "chat_weight": 1.5,
    "chat_cost": 5.153333333333333,
    "trof_weight": 11.0,
    "trof_cost": 20.636363636363637,
    "rare_trof_weight": 13.0,
    "rare_trof_cost": 41.23076923076923,
    "max_weight": 17.0
}