{
    "name": "Опах краснопёрый",
    "uncounted_weight": 0,
    "uncounted_cost": -1,
    "counted_weight": 3.0,
    "counted_cost": 9.426666666666668,
    "chat_weight": 12.0,
    "chat_cost": 17.833333333333332,
    "trof_weight": 140.0,
    "trof_cost": 57.135714285714286,
    "rare_trof_weight": 200.0,
    "rare_trof_cost": 114.28,
    "max_weight": 300.0
}